<?xml version="1.0" encoding="UTF-8" standalone="no"?>

<model xmlns="http://dev.meisen.net/xsd/dissertation/model"
       xmlns:xsi="http://www.w3.org/2001/XMLSchema-instance"
       
       xsi:schemaLocation="http://dev.meisen.net/xsd/dissertation/model http://dev.meisen.net/xsd/dissertation/tidaModel.xsd"
       
       id="callsSimple">
    
  <time>
    <timeline start="01.09.2014 00:00:00" end="30.09.2015 23:59:00" granularity="MINUTE" />
  </time>
    
  <meta>
    <descriptors>
      <string id="caller" failonduplicates="false" />
      <string id="recipient" failonduplicates="false" />
      <string id="origin" failonduplicates="false" />
      <string id="destination" failonduplicates="false" />
    </descriptors>

    <entries />
  </meta>
    
  <data metahandling="create" intervalhandling="failOnNull" />
</model>