<?xml version="1.0" encoding="UTF-8"?>
<!DOCTYPE log4j:configuration SYSTEM "log4j.dtd">

<!-- ===================================================================== -->
<!--                                                                       -->
<!--  Log4j Configuration                                                  -->
<!--                                                                       -->
<!-- ===================================================================== -->

<!-- $Id: log4j.xml,v 1.1.1.1 2005/11/12 20:08:29 gmoran Exp $ -->

<!--
   | For more configuration information and examples see the Jakarta Log4j
   | owebsite: http://jakarta.apache.org/log4j
 -->

<log4j:configuration xmlns:log4j="http://jakarta.apache.org/log4j/" debug="false">

  <!-- ============================== -->
  <!-- Append messages to the console -->
  <!-- ============================== -->
  <appender name="CONSOLE" class="org.apache.log4j.ConsoleAppender">
    <param name="Target" value="System.out"/>
    <param name="Threshold" value="TRACE"/>

    <layout class="org.apache.log4j.PatternLayout">
       <!-- The default pattern: Date Priority [Category] Message\n -->
       <param name="ConversionPattern" value="%d{ABSOLUTE} %-5p [%c{1}] %m%n"/>
    </layout>
  </appender>
  
  <appender name="FILE" class="org.apache.log4j.DailyRollingFileAppender">
    <param name="file" value="logs/tidais.log" />
    <param name="threshold" value="DEBUG" />
    <param name="append" value="true" />
    <param name="ImmediateFlush" value="true" />
    <param name="DatePattern" value="yyyy-MM-dd" />

    <layout class="org.apache.log4j.PatternLayout">
      <param name="conversionPattern" value="%m%n"/>
    </layout>
  </appender>

  <!-- ================ -->
  <!-- Limit loggers    -->
  <!-- ================ -->
  <logger name="org.springframework">
    <level value="WARN"/>
  </logger>
  <logger name="net.meisen.dissertation">
    <level value="INFO"/>
  </logger>

   <!-- ======================= --> 
   <!-- Setup the Root category -->
   <!-- ======================= -->
   <root>
      <level value="WARN" />
      <appender-ref ref="CONSOLE"/>
      <appender-ref ref="FILE"/>
   </root>
</log4j:configuration>