<?xml version="1.0" encoding="UTF-8" standalone="no"?>

<config xmlns="http://dev.meisen.net/xsd/dissertation/config"
        xmlns:idfile="http://dev.meisen.net/xsd/dissertation/caches/identifier/file"
        xmlns:mdfile="http://dev.meisen.net/xsd/dissertation/caches/metadata/file"
        xmlns:bmpfile="http://dev.meisen.net/xsd/dissertation/caches/bitmap/file"
        xmlns:factfile="http://dev.meisen.net/xsd/dissertation/caches/facts/file"
        
        xmlns:xsi="http://www.w3.org/2001/XMLSchema-instance"
        
        xsi:schemaLocation="http://dev.meisen.net/xsd/dissertation/config http://dev.meisen.net/xsd/dissertation/tidaConfig.xsd
                            http://dev.meisen.net/xsd/dissertation/caches/identifier/file http://dev.meisen.net/xsd/dissertation/tidaFileIdentifierCache.xsd
                            http://dev.meisen.net/xsd/dissertation/caches/metadata/file http://dev.meisen.net/xsd/dissertation/tidaFileMetaDataCache.xsd
                            http://dev.meisen.net/xsd/dissertation/caches/bitmap/file http://dev.meisen.net/xsd/dissertation/tidaFileBitmapCache.xsd
                            http://dev.meisen.net/xsd/dissertation/caches/facts/file http://dev.meisen.net/xsd/dissertation/tidaFileFactDescriptorModelSetCache.xsd">

  <location folder="server" />

  <!--
    It is recommended to use the available hibernate-caches, i.e.:
      - https://github.com/pmeisen/dis-timeintervaldataanalyzer-hibernate
    -->
  <caches>
    <identifier implementation="net.meisen.dissertation.impl.cache.FileIdentifierCache">
      <idfile:config folder="server/data-identifiers" />
    </identifier>
  
    <metadata implementation="net.meisen.dissertation.impl.cache.FileMetaDataCache">
      <mdfile:config folder="server/data-metadata" />
    </metadata>
  
    <bitmap implementation="net.meisen.dissertation.impl.cache.FileBitmapCache">
      <bmpfile:config folder="server/data-bitmaps" />
    </bitmap>
    
    <factsets implementation="net.meisen.dissertation.impl.cache.FileFactDescriptorModelSetCache">
      <factfile:config folder="server/data-facts" />
    </factsets>
    
    <records implementation="net.meisen.dissertation.impl.cache.IdsOnlyDataRecordCache" />
  </caches>
  
  <server>
    <http port="20666" docroot="www-root" timeout="30" enable="true" />
    <tsql port="21666" timeout="1800000" enable="true" />
    <control port="22666" enable="true" />
  </server>
</config>